"","y","x1","x2","x3","x4","x5"
"1",-12.1010665242928,6,16.1878611476478,16.4662278947093,21.9558275104584,9
"2",-5.50424846709834,6,24.1560271929178,23.5897654990595,30.0907393167359,11
"3",-0.726944387664007,5,22.4913865260056,22.9170488034572,27.1910386277805,12
"4",6.83074479710827,5,20.6064328905443,21.6226420768474,26.4209481175259,3
"5",-2.38258789190743,5,15.9332828828712,16.5216068927961,21.8981240265238,13
"6",-7.87738070215461,5,17.9327095109912,16.7429051384541,23.230509047269,3
"7",-21.6865009609509,0,17.9495290854222,16.4598919104282,19.3173566725406,21
"8",5.70706400122037,5,20.0489887279267,17.7014980506555,24.1099462861145,12
"9",-6.5246043910168,3,18.1817893997766,16.9123200816629,20.4872339965036,5
"10",-4.15028261498466,2,14.4913510643331,14.6130172951201,15.2178746156673,13
"11",9.16291873401088,5,23.3171533527407,20.9078388690922,27.7156664288544,3
"12",3.13951154850413,8,18.6171054019021,19.7962191513151,26.5210094649764,8
"13",-5.72970257230635,5,25.78576276925,25.7415631992557,31.7108740027201,7
"14",-9.81289901146348,5,22.03888013478,21.4070504891379,28.3980554739662,8
"15",-16.1775050562049,2,18.1416404194252,16.9719792585152,20.5581204571495,12
"16",-11.1369645740957,0,17.2630185575002,18.2456676285413,17.7621964764618,16
"17",-3.93166065210498,2,18.5300885951667,18.9711526232979,21.7911618672869,8
"18",0.833168253343475,2,17.090119841514,16.4029538698735,21.8358128959343,7
"19",-8.09590898205934,3,19.0170122758902,17.3414096891456,21.6316043327554,9
"20",-11.0792522899818,2,21.0123730803549,21.553623401533,22.7190997581899,8
"21",-3.04638833271294,4,20.630880070201,21.8236533736114,27.4207821563916,6
"22",-16.3498187366923,6,19.9315929021569,19.6797761475732,27.3576053905501,20
"23",13.7299892105885,5,21.4427778179198,23.1721907210786,27.263645411048,7
"24",12.8765803157388,8,19.5697333929293,19.9939227146697,26.5144335439854,5
"25",-15.1001616995652,4,18.2424620622416,18.4323151974476,22.0246722704788,5
"26",-0.245812369496409,4,17.6128340032758,19.1238472377834,22.2791477716378,11
"27",-4.31800257115885,4,21.5771513265266,22.4352222486155,24.3394779299278,20
"28",-10.1053266809865,4,24.127458776097,24.203565104047,29.231508558824,11
"29",3.89547827743881,5,19.1662405763686,21.1777980479004,23.2445145290426,7
"30",59.2358399698713,5,16.2574210180544,16.9764222943258,19.726861407806,11
"31",-5.89249677768666,7,19.2268456303669,18.7083498766537,25.3525145130344,13
"32",13.2668249661203,2,23.5178576434367,22.7556932730985,24.7728371176227,14
"33",2.80730667426276,6,20.9457003638899,20.7311837071483,26.5326530966179,10
"34",-18.2030651932237,2,17.719657591811,17.6990568232375,18.5827397971394,23
"35",-4.70727404770296,6,23.717285354183,23.2780353091431,29.1228005391319,1
"36",10.2436466158014,1,18.6144617872555,16.3989668718983,18.4076686450848,8
"37",5.25562373612791,5,21.8674389490128,21.8871301025424,26.7769136052756,17
"38",32.427538890214,2,20.370607207165,20.8619791196168,22.8700554959987,3
"39",-2.90828122898884,5,19.6667448227657,19.9075867460258,24.4879276223258,15
"40",5.89239692077153,7,17.13375439049,16.3743432826432,23.6474574558096,6
"41",-7.36931104158209,3,21.035025852973,21.123305189345,23.9829501540024,14
"42",-12.931453581357,12,19.8109356524568,20.3180397138885,32.6245155600854,19
"43",19.9631247600794,9,24.0207742159818,25.2421980888258,32.7754582062713,8
"44",7.63916048255557,6,27.5924575121341,25.0977981236749,32.17705163611,13
"45",1.33126391042581,6,25.0796067226883,24.2834810130429,29.5291854104828,12
"46",-16.8832574993445,2,17.304437473054,17.2668293327748,19.6853539181174,15
"47",25.1862165067914,4,20.1817867827681,22.6591614125151,23.003343536744,3
"48",3.61712967880851,8,19.4794117023873,18.9218073009369,27.568919629769,15
"49",3.66175769383516,3,22.4426267381553,23.5664754690515,25.5560354754291,10
"50",-16.4872603357953,10,22.4353953402164,22.0350462731329,32.6786191276407,9
"51",-3.37464832919172,2,20.5581782735301,19.9993070655304,22.167058560999,7
"52",4.42319248371147,4,21.7953070058253,22.6093173977683,26.1255785389565,9
"53",-7.23983796755409,4,19.0825370730959,19.2471962307759,22.9896619921026,10
"54",-9.49986567649545,7,21.9561323434641,22.7712393906629,26.9030297641537,11
"55",-3.41105940222992,6,24.0556875149946,25.2565316477568,30.8512032805913,13
"56",-13.5727290614369,8,15.2330746408349,14.442686690802,23.6707255375852,7
"57",0.171325248222953,4,19.4855915845094,21.339038433924,22.2058475356955,6
"58",-4.23491837703041,1,22.8926430932084,22.9073273926922,24.2330342167621,5
"59",15.798541667412,7,20.0364178171419,19.0472010559741,26.639773969188,9
"60",-8.59971495328633,7,19.4826493040957,20.6351334124963,27.2535156451579,7
"61",3.59073780658364,4,21.3065383504305,20.4401473035341,25.9703760280086,4
"62",-22.2794464495186,4,21.1170616165481,21.2546469271457,24.067945734755,5
"63",-10.3603529761325,4,17.0211870999141,18.7936595357288,20.9332365669824,14
"64",-5.1219437346825,6,15.8576532982821,14.4262878924567,23.8283073789549,6
"65",6.47855691144786,5,21.2542348860013,21.4392143834491,24.7719123381114,10
"66",2.52349182460654,3,20.9606981291883,21.4579428860805,23.4238042743504,10
"67",5.18173423487805,9,21.1657610441742,21.5266881875778,30.2462199821951,3
"68",-4.23664843579235,5,22.1457045338554,21.2241011139253,27.7734367189759,11
"69",27.9738975982028,5,21.883976409995,23.6468181735523,27.564657617395,11
"70",-12.669911359171,5,23.3020742074968,24.1280178968874,27.0092789861607,13
"71",20.2756838634997,6,21.5460197063233,21.9966165204649,28.7368182657066,7
"72",-0.379419332926487,6,18.0815479347098,19.1432174247431,24.1873309523465,13
"73",-3.11095286121657,3,23.266215753803,24.3494094169965,27.1060577837899,8
"74",2.56306950685296,3,14.6658420553038,14.3470790163198,18.8762813265195,6
"75",-8.07701110220168,4,21.1041279429625,22.0619462451664,24.2303899442985,15
"76",-6.97999899723042,4,21.9020483436481,22.2464486686908,24.1518884331463,5
"77",13.5322328961348,5,19.8424053178888,20.0767133321687,25.6858122904586,5
"78",-8.59016381074097,4,20.587729333028,20.8369999180194,25.0118959020597,8
"79",4.08906718154638,8,15.3840429178994,14.594137920228,24.1710833581757,17
"80",-3.3549662393468,7,22.116057961228,21.4975892118482,29.0511664803868,4
"81",4.36269168622918,6,25.1565738947833,25.4017044730643,28.9545156605413,11
"82",-11.4925803832635,5,20.0758792901958,19.8248069029376,25.9070003853457,2
"83",8.23189243813694,5,16.8660070520262,16.1886240255965,22.3984839885221,13
"84",-2.3378371044198,6,20.4985783182526,19.8554729791054,26.8748890222257,16
"85",-1.85068598498893,5,15.3593650424861,14.8226569553548,19.0315568027696,7
"86",11.3649008363114,5,18.6590787905042,18.8396075205974,22.8726460201419,14
"87",2.44821039290052,4,18.7122647138314,17.4782405596781,23.5103688793628,8
"88",22.0904393757855,6,21.2600183313479,19.8627888933989,26.6000211955062,7
"89",-12.6574767372412,6,21.2495339321313,20.4550361460451,26.6354523369021,20
"90",-16.1113542756961,5,21.7987166568529,21.5036758618865,26.1117190925257,12
"91",2.95609466502324,11,22.3127861657119,21.5490393033064,31.8374059622666,31
"92",-0.0263608057609428,4,18.3653983787987,17.9087389526654,21.7967538479795,11
"93",-22.4255050928153,6,17.3688261435307,17.2163894655395,23.9148496348578,11
"94",6.87201707629927,7,17.6247036568505,19.4032956777186,24.9076176203131,7
"95",15.5811709683346,2,18.252515336287,18.3076553983053,19.8744272656535,6
"96",-2.58577533203573,5,18.9566288042252,17.2484184781446,24.1273688511907,6
"97",26.3808210420718,7,13.4860306335546,13.6860889040873,19.5793730758804,6
"98",-1.83576325314999,4,17.3693521367997,18.5575106482066,21.830585988444,9
"99",-4.89341114650431,1,14.4391166829649,13.709944655948,15.2987160977719,23
"100",-9.7399203161895,6,22.2933970935268,21.7504814837697,28.9298941222841,8
"101",5.72869707531824,9,19.7731510659309,18.7818111780161,28.301551776219,10
"102",8.60621864229276,6,16.8309368955233,15.567406507882,23.0484390860138,8
"103",-0.963218137396673,7,18.6096356345034,18.1878414091648,25.6795198748248,14
"104",32.1353328233956,5,23.048924222433,21.9823025149855,28.6150266393824,7
"105",12.5668637696227,8,14.4060113440012,14.1700122820787,21.5225275014727,5
"106",-0.593807167887128,4,18.2097519570805,19.2506491551161,22.0966866116585,9
"107",15.390549663277,3,24.7490630149007,25.0911533441982,28.0316805511838,12
"108",1.14233628101886,5,18.2593700211751,18.9270366240316,22.7466483321211,3
"109",-7.53757265007481,4,20.9125750383117,20.0970360629056,25.7336745137399,23
"110",-11.4692795463107,11,19.2918900922943,18.9986189283088,30.0923853954683,10
"111",-5.94918404791567,3,17.3177762223153,17.6939780306693,20.9069548445592,11
"112",-4.14753208403176,2,14.8723164603629,15.2466861885463,18.240042324514,6
"113",-8.88541169962976,4,16.2589100844457,15.7080219683618,20.5338988741638,10
"114",-9.11094618043571,3,19.786176917526,19.9899408128674,23.5291723059466,11
"115",-2.86165730227222,5,21.4555713343591,19.5916707401685,26.1894807271823,10
"116",5.08440036706575,4,18.2935201458865,17.7998650167308,23.812394883058,9
"117",14.5401073853189,2,24.3954560216774,24.8973390504285,26.578904219761,4
"118",-14.7441015192439,7,20.37686312026,19.8875670756149,27.5342017949751,7
"119",-6.24290273915727,4,20.4815187821277,18.6637251081928,23.2181116402751,14
"120",-9.78797596940164,7,23.3730584207771,22.2845727820602,29.5542556451428,12
"121",25.9882521346605,7,18.0436158458901,18.3466920468533,25.1402095608897,9
"122",-8.76409027010674,6,19.4283281072498,18.6455149209116,26.0359616549565,8
"123",-12.3828596422805,6,20.9184335373466,20.5705516578479,26.3346990647645,9
"124",-11.4877442617351,6,18.5793521300218,19.321673360659,24.1266692940377,6
"125",-9.48730784278792,4,23.9290512285213,23.1990295301629,27.5813367141495,8
"126",8.04620674012887,5,18.092495446517,19.0042658780863,21.4581988673839,15
"127",12.3243880175922,4,18.9549845746643,20.7324175094492,23.730114197874,5
"128",0.680526857545253,8,16.6019227680336,14.9863512257589,24.8661303855404,17
"129",2.47808591544745,4,20.3483306467411,21.9378505624684,25.3877048446745,11
"130",-10.230105326844,4,20.2785715727748,20.4235656811143,23.9643635080423,19
"131",10.1097826010258,2,21.1782570233831,20.9003000380546,24.2841905113102,15
"132",0.40052014331221,9,20.6461929026067,19.7780299280363,30.6449712537276,13
"133",-9.65006078627235,7,17.9375709683014,18.3667708043779,24.712509588635,21
"134",-13.6202918547096,8,18.9070534957716,17.9903315844052,26.553736615783,8
"135",-0.185775550635702,7,23.1829256401142,21.2663159084881,30.6486442006189,6
"136",1.77915515333942,4,16.4809017292822,15.9939142227021,21.5170793101946,8
"137",-7.49123790210221,6,21.6851715081408,22.2952802599462,27.1789529096244,9
"138",10.5879058044129,6,15.8370908697784,17.3741307298553,22.3359487990403,8
"139",10.2991263035384,4,19.1516387087048,19.1148353544559,21.9698407986662,6
"140",-2.28691596001639,2,24.4713877231187,24.9918360663338,25.8114858737961,6
"141",1.09407875142694,3,24.7317212251959,25.0751061043401,27.9111555886379,9
"142",6.03354923024307,5,20.9468586439777,22.7527588614481,24.4493835351645,6
"143",-11.5378919616935,3,19.9042375890632,20.5306546717832,22.8228860701869,7
"144",6.23645405574963,7,17.6420850554057,16.4482127931291,24.6449016860012,5
"145",12.3981398873556,6,22.5678580814055,21.4672553297071,28.5538344243213,9
"146",8.05748321627166,6,23.8833235214807,23.5437255874844,29.6472665756807,6
"147",9.83201708778646,6,18.9567947871166,17.5904899431569,26.165823193748,9
"148",1.07995920507238,8,21.1121107919023,20.0722529934946,27.7256298363228,14
"149",-4.22607480877531,8,26.6316220431753,25.3600577952705,34.2509983454774,28
"150",2.92146898113756,3,21.2098446725601,22.8463003148827,23.4942886400653,11
"151",-9.57920943163586,6,15.8372516552134,14.7404712620793,20.2401094747944,10
"152",2.43135614078413,5,20.1847207779813,20.1670896646613,27.356713226944,11
"153",-16.5598530436984,5,22.0873209980998,21.2089289280949,26.1005154718749,7
"154",-6.60112158516052,3,21.0217450696439,21.8482414780485,24.5811153513798,9
"155",17.9316589207812,4,18.8320631082787,19.5934994374617,23.0009480816131,15
"156",15.9948046585927,6,19.6588876577564,20.5510165865873,24.9663310001945,19
"157",-24.2356891591254,4,23.0793466472602,23.2222170117884,26.1220114479741,8
"158",12.2436985192615,2,22.2485665134444,20.830553400353,24.6705664297069,10
"159",8.93944914431532,4,22.9534906050117,23.572868154488,23.9540456718235,7
"160",-1.51667287438167,6,24.3936933337352,24.0314254121383,31.1208187467404,4
"161",-8.0428832710847,6,26.5782898156168,25.0756069905759,33.4361522480092,8
"162",-2.21212669970794,7,17.6003600588304,16.2416270679086,24.9788535225583,10
"163",14.9031608779981,6,21.8716342032798,23.3762101018271,27.3818994626705,7
"164",-1.1562224102182,5,20.974599866688,20.334797479971,25.6593345008359,25
"165",5.09098618754855,2,17.4922026986979,16.9616667663642,20.5285085360554,7
"166",-19.8198791650716,3,16.6845706426691,17.8236581609898,18.0745186583615,13
"167",24.167896955169,7,17.2839790225304,17.6831904417073,23.8618420425701,12
"168",-20.1474285501443,4,21.9366367370562,22.2239171308473,26.1193466091105,12
"169",-21.3999681408928,3,22.7409992211817,22.2038184524951,27.0843962951154,10
"170",2.30746272812023,7,20.4189297512059,19.37779072889,28.9435629082368,7
"171",0.643420969982749,11,20.2666967962592,20.6772237355955,30.433436993961,15
"172",-1.81086551013599,6,20.8429050536989,19.5631397479908,25.6527538299997,3
"173",-7.44269576855463,2,20.5293519056643,20.4561828798478,22.295843738732,15
"174",-6.07210496371174,11,14.8030645629031,13.7171200976971,23.2937759042014,4
"175",-10.3862334673612,5,23.7819471758116,22.7005680327972,27.7143742613687,12
"176",1.39333666873386,2,25.2018655131929,26.0521102197415,30.229109494909,7
"177",1.19606473406318,11,22.50173489375,21.1980343948472,32.7634583573786,10
"178",-3.170078925322,7,23.3302795565552,22.2823867023481,30.0446659926796,8
"179",-25.1095024407674,3,18.2173155412211,19.7777202922503,21.2330756709761,9
"180",0.815810964667591,3,18.0263729409943,19.3671612019779,22.4203734688433,7
"181",-14.0075652352502,4,22.4913728404041,23.4285624544879,26.4574656398496,4
"182",4.96688433096477,9,22.7169212850503,22.918263823552,31.592800272734,12
"183",-4.29857114567979,3,21.5467903309374,20.678535529049,24.210712642107,14
"184",-4.56752868531608,6,22.6373042098011,22.7289231144242,28.8410101144499,13
"185",3.14242178325771,8,18.6266585009995,18.9795131473183,28.2661391814475,11
"186",-16.2834253223667,6,21.2402968399621,22.2775056305088,27.4751010286837,12
"187",0.0810350067871894,7,14.8057289937504,12.4258012297584,23.3968016817169,4
"188",-11.8206066270665,8,21.3757046858045,20.9685634426193,28.8530492234761,6
"189",1.31024510000733,6,18.0568212764184,16.3721008744782,20.8761014323789,5
"190",39.0814242186019,3,20.3342371070166,19.1844765592175,26.2419188817744,10
"191",20.7684492663054,3,18.5124308265946,19.1055811044889,20.1315602853052,8
"192",1.35287709985613,6,21.9239020252482,19.746411494222,27.2931324664758,8
"193",2.59993282075591,10,23.9769433115319,23.473045333392,34.2521778228839,6
"194",2.30091263202551,2,25.5509508424598,25.9740855431884,27.6614864009327,9
"195",16.513934279761,3,15.6940382640059,16.524003983614,18.6597877864694,8
"196",-5.81247065477971,6,19.8261146021783,19.1232898569345,27.8065729380288,15
"197",13.0538172154694,7,18.949591831629,19.8060583830514,25.0762973184567,15
"198",4.70127166922483,3,21.5317139042749,21.6820512290649,23.6927720221421,7
"199",-5.77513633043297,2,23.2033634118018,23.0589933007878,24.3400241001927,5
"200",-1.96384747066446,7,19.0066789806014,19.4654587961733,26.789329015379,17
"201",14.1118473907476,4,20.8542675703722,21.8393366329337,25.2037895796975,3
"202",-0.182261188370402,5,17.5643448571904,17.3725771953123,22.8256184221107,15
"203",-0.957380727508276,4,23.7987202806721,23.3629589517997,28.3983184496923,17
"204",-10.0632636665254,3,24.8469347228752,23.5302600936807,26.2301939527362,7
"205",-0.204168750140056,6,23.4309553344944,23.5460770255292,30.1829080107414,5
"206",3.16451824724935,2,22.6617445787592,22.8357160452886,23.75881916145,9
"207",2.32949362634578,6,17.8932292493374,16.8282687737958,22.5902235239017,8
"208",10.4826482648129,0,20.3991351988708,19.9862530314046,22.1469178430054,8
"209",-15.8627055163011,3,16.4894289176479,16.5642336875136,17.2483993578824,10
"210",0.360465167564541,6,18.6150376859569,17.1269099679799,25.6296972703998,10
"211",-29.5821833485833,5,20.1111741869332,20.8631893510563,26.441167009649,10
"212",28.2613636326881,6,18.9282563639917,17.777642264688,24.617519155828,12
"213",6.72894601610701,6,20.41090538378,22.1711149907157,27.2730180180945,8
"214",-8.16024099914547,3,18.5868171529491,18.1686450614526,22.5357105760329,9
"215",-24.1019487513596,2,19.2931657928282,19.5456549771996,20.6069515642692,15
"216",5.8400075667449,7,20.5322807648784,21.4425034919416,27.5035794245398,14
"217",0.44732868516054,2,19.144856606246,18.9028410720018,22.1275325447392,11
"218",-9.94523011005228,4,22.0568124672898,20.6538067505553,25.779902526719,10
"219",-8.34254929573938,2,22.1776258577591,21.5596646121246,23.0966450839611,4
"220",-7.3915710006674,9,20.8627845117071,20.6307469160413,30.8506519890823,14
"221",16.457624257419,3,23.9167570330977,24.1871095607855,28.9251457822425,10
"222",4.72002789244714,1,19.2440516549977,19.5934186228079,19.3199040135893,3
"223",-7.59143279857395,5,22.4993840082206,22.5877321495984,28.0184361495454,11
"224",-9.82098788182822,7,18.9846172471932,19.9292856470283,25.6851547634792,5
"225",6.10506092797246,5,17.0144346986217,17.0256505822192,22.8827677872679,11
"226",-1.80556235787157,8,21.3622574252782,23.0206803960904,30.0687162344187,6
"227",3.44193725411603,12,19.127070325563,18.9382744478409,31.5378464410717,6
"228",-7.04911485925372,3,16.9387997673455,17.2592925097347,19.368358738852,9
"229",9.14827826143812,6,21.1860420203314,20.6958904295294,26.9155295768221,10
"230",13.2083759905301,4,19.9129002786053,19.7208065416431,24.8813810319711,10
"231",-2.1702163075269,1,17.4828493256866,17.0888439727928,18.3052198200383,5
"232",-12.5294381556522,8,17.6057646661896,17.2919178054575,24.6902747497491,23
"233",-22.6282781396822,1,21.1610059359772,20.6313456037043,21.8951654757515,11
"234",-13.0247507024552,4,21.2296639229046,21.5764896368542,26.907642207909,4
"235",1.68099648550714,10,22.0955741043734,21.9194950860538,30.865633511672,11
"236",-8.72547264831576,3,22.5522336654154,23.4669737433869,24.9632158500101,7
"237",14.0266113523304,7,12.1072955924136,11.8571849468414,19.484925040531,12
"238",2.29124278668758,0,19.9634487623814,19.7975378689673,20.4597459951428,9
"239",-2.78064510221366,3,17.8053943119255,19.0761505709498,19.674469770235,7
"240",3.24169216815397,9,27.2942701597628,28.2209353709604,37.004010313671,11
"241",-12.0727160438726,4,19.6493054065342,20.2474113566643,22.0520640317867,6
"242",-17.2505884755299,6,24.8448146280743,24.7760729360576,30.4251012301948,3
"243",1.28031673120289,8,14.6179532725544,15.3357146831972,22.9531762405163,10
"244",-9.78447798553143,6,21.9762216546585,22.7651306190568,28.7336081754441,5
"245",-12.8386461491819,3,18.2467850755599,19.6617892519235,20.4914847464882,13
"246",5.78869163062754,3,20.3993829493679,19.5268239713889,21.5262229776062,4
"247",-2.26157648702659,10,17.6979725903121,18.083519358879,26.9945548179881,8
"248",-14.442700682077,2,17.5743656297136,18.4923999406399,19.1279571155511,15
"249",-17.5315107383722,8,28.4687452989266,29.8908929248783,34.9645871806324,15
"250",-11.0503871338749,4,21.4912642641902,21.4866565548432,25.623707602554,8
"251",3.51828903734809,8,18.0603827918958,18.264915481504,27.4712715765081,16
"252",0.449521092248281,5,22.4793406347814,21.6512026491669,27.9776060432452,6
"253",8.92225113257481,4,24.1078131247129,25.3170033643291,27.0247561259017,21
"254",1.39663552721907,8,20.3876425613639,20.4557107513055,28.6502890897685,6
"255",-8.75492916554984,1,21.6890355385438,19.9614290709632,24.171426309639,10
"256",19.6049906828436,5,18.6834847793507,18.5286652169994,23.4044898978313,4
"257",-10.9752548266044,2,25.7459987562159,27.0741974519841,28.4800121905488,8
"258",9.68191290363848,4,22.3139328102599,20.9232220771853,26.3393655497092,10
"259",3.12515774612175,1,18.5156779641266,18.2717124179366,19.411023716313,10
"260",5.93533678392128,9,17.4468989188389,17.2615513258101,27.2819574727946,5
"261",-9.41321454798669,1,24.309641011382,24.5378784053373,25.4234372682292,19
"262",19.0436347190731,7,16.0304265079657,16.7302703716256,22.4124663777779,5
"263",10.7895842357258,1,22.5316194962408,22.9883007635096,23.0976437906474,10
"264",5.45911154920482,4,18.0387648985804,18.4803476440408,22.2657828113851,9
"265",4.71950318813732,2,22.6335027325551,23.4135262875037,26.2079293172166,4
"266",-0.000324094810348896,9,18.864912883675,20.4646081645085,28.6112577267335,9
"267",2.8565204356008,5,21.4094890328876,21.9352647287083,24.1390513535828,14
"268",-4.03243984817801,2,22.8683871461442,24.2335768780293,25.4967191990991,14
"269",2.06439208544864,7,21.287112127777,22.7084149767521,27.3244883314299,11
"270",13.9414428014942,8,18.1819483562005,17.3755722969984,24.5598852013666,9
"271",-11.3312850255386,6,21.8575057622885,22.4405068474548,27.4171769601158,11
"272",-6.68702819066386,5,22.862471555908,20.9933362602464,29.3280824711848,6
"273",6.91336448988421,3,20.5376122022195,20.1849218593824,23.6912989679684,13
"274",-19.8403806604426,3,19.3885557382009,18.5767255716611,22.1228491621767,13
"275",-0.991270141033665,4,19.8750445816876,20.3000943806879,24.7573542452307,11
"276",-14.6344558562194,12,17.1159712222934,17.3678109345735,29.8050631867397,9
"277",14.8419727640701,6,21.5636976080067,20.3250625271357,28.7938391822,18
"278",-13.5574936579294,12,17.9902950388712,16.5347957155018,29.4342893964869,9
"279",-25.7532411445826,3,19.2785307485937,20.760196340195,23.7844415206934,16
"280",1.49523258467306,6,15.9964928035778,14.5768792200778,20.3958858935897,10
"281",-3.37788306929694,6,19.2060224227234,18.8035643673269,24.972355413818,8
"282",-0.745773563846996,7,17.3958123888843,18.680619487017,24.4651135437439,6
"283",-22.0970689243356,5,21.0861423424368,21.822811035672,26.8661469316927,10
"284",-15.1095801468362,9,20.3418569790096,20.3622579416577,29.771946073308,13
"285",-5.81450734421515,5,22.0237550553492,22.7358225064879,26.584194748276,15
"286",-28.2226848310259,6,24.2160682711911,24.2182371989432,29.1928440320662,7
"287",-20.1169389343989,6,22.75319398591,22.466187240073,28.5960737181405,8
"288",-7.39890978585666,2,22.9221246727221,20.5219672137439,25.413866485955,11
"289",-1.30439506540822,6,22.6607126762685,22.0802337019979,28.3862116782546,2
"290",-0.173445038432073,4,30.0055702391692,29.9450099710715,34.5694996964507,0
"291",4.14157807018068,4,26.9999327949933,26.5339582370872,31.6797155095904,18
"292",-10.1439550447174,7,14.8950859180882,14.7272696145569,21.6051416092923,3
"293",3.04158353905128,4,17.2512389133899,18.9591236920485,22.1006608249242,12
"294",5.11581081543511,5,17.4686928207883,17.6240715196228,20.8795932389959,14
"295",-6.32224520589001,5,23.014013850316,23.7190960186429,28.7753013517168,27
"296",-12.6263137292617,1,21.4551141494486,20.2612587798713,24.1946120759658,9
"297",-5.09868836417052,3,11.4832474066217,12.5505634640501,13.714574344085,6
"298",15.6856602337617,10,17.8851886084262,17.8613971312867,28.1026338620861,12
"299",17.23237588187,4,24.1211096106248,24.4176345139968,26.8475593070019,13
"300",-17.0089195039841,4,20.6761281977574,20.5927199542694,24.8218619730435,10
"301",27.8703756232018,2,11.3239443659943,11.5282288770217,12.2054539175878,10
"302",30.0168186305509,3,18.7836715966533,20.2861484784237,19.8208245893704,7
"303",2.43308718823365,2,17.4621795608732,18.2111264285508,19.487491464001,15
"304",-1.03418419713689,7,23.0009079797733,23.3143503603059,30.5881904999868,9
"305",-7.54349239341735,9,19.7006616912657,20.4928376706786,30.0968143452105,6
"306",4.94769731579038,4,18.0372752030356,17.2856082809625,23.4900598136865,14
"307",-2.68045765063792,3,19.886442084813,19.1532283430008,22.4375065123215,13
"308",16.9715965461626,7,21.1626232156562,20.4458623140044,26.7182320810354,10
"309",-3.32191698726995,9,17.606203665821,15.6686073967365,24.4070834442424,7
"310",7.35483599500381,4,22.294605629719,22.6173304786705,27.5758444909463,6
"311",-10.0679241635587,5,23.9087470665025,22.0705069053073,27.0413827430832,7
"312",13.4818121226614,6,18.2823041562554,16.5133693916051,24.0477108799093,8
"313",-8.56472106343824,6,23.0638177820933,23.2294572140774,29.8190056279338,9
"314",4.23795096446231,5,22.3945866045559,22.5730853367532,27.2538693389149,14
"315",13.8039887367336,4,19.7479956474052,20.0559800906598,22.5681276366387,11
"316",1.76720311164745,5,22.7606296698259,22.4122517138166,26.7582771725092,10
"317",-17.3661873841882,5,17.1921989673554,16.2000714117606,21.5041894471762,10
"318",-8.73417862418884,7,17.1409125339135,17.0967586790443,24.5546806727952,8
"319",4.08493355974772,6,21.8973847563078,21.773234660966,27.733630167069,10
"320",-4.96180989295064,10,17.6535329253788,17.7078538422346,25.9447778347927,5
"321",-17.0965215404543,4,17.0000046717623,17.0856605260437,22.9580226983935,11
"322",5.22217154578739,3,20.5812362291659,20.2346792143827,23.9521737469985,11
"323",-10.8047834759045,5,18.7192064723634,18.5318089209319,23.2143734478466,16
"324",-13.7672933511411,7,23.2392606213126,22.6455910470628,30.793722005179,17
"325",-32.100362431151,4,18.6253359757636,18.9043867836977,24.6159108218755,20
"326",1.32687198255691,5,14.5176440745026,13.5175593695671,18.7544405386696,5
"327",12.7820381720403,6,25.6963846694211,25.5896866722816,31.3555045287434,8
"328",8.56874886035912,6,16.957726778072,16.2800884888446,21.9582503225244,3
"329",14.7472455616041,7,15.2025780830151,15.4027997895393,20.2814077205002,5
"330",13.8351721976648,7,19.7835825113031,19.274312327569,25.3445484114883,4
"331",-0.0155677084883568,7,22.1353612778111,22.8723890471448,29.0129975442495,4
"332",-6.12257755141051,3,15.8298855962019,13.2625491442789,18.4707020532968,11
"333",-13.8404039532155,0,21.9629039108699,20.6664528738935,21.7486041897308,10
"334",3.46224287237141,4,17.0054867453706,14.8511917893299,21.0987430130639,15
"335",-8.07832488183237,4,20.9867522144691,21.1151150742848,25.2510363279313,2
"336",1.89440816487626,8,17.6327943695054,19.1570753497158,26.8450155473193,12
"337",10.8069960599743,5,14.4280945886399,15.7828712242903,19.3185891529409,17
"338",-0.118564689167266,5,16.6525626405881,17.3431346146674,21.3595119923414,14
"339",-11.5566303833111,5,26.6818504435206,26.1711230536642,32.3855858143741,9
"340",1.97911627014877,5,21.5421455420348,20.3534530885947,26.8162925203192,9
"341",-19.4408751494103,8,17.230971289604,16.6213163024743,26.571223368406,2
"342",-11.5609764807525,9,22.9572389472241,23.4765760056165,29.7990469318505,12
"343",-3.78983835047941,1,24.4991632378283,24.1779327716581,25.2653392113677,7
"344",12.5719874332173,6,21.9389778628825,21.9668212140826,27.0961044300922,13
"345",12.299715149104,7,16.3046389882065,16.2921630569162,21.8873612093773,5
"346",-8.38767115066196,6,24.184916466831,23.8429143422266,31.3074873298239,7
"347",11.8372885537472,3,19.3766875848112,20.8634951474389,22.9290950119831,11
"348",23.4013461724177,3,24.8008459262759,24.5615528201829,27.5751529350612,16
"349",9.2478290081142,3,20.4202911654838,19.7979514609313,25.1878103634143,13
"350",-6.11114934190124,4,16.5186098606597,17.2987553573748,20.2240643222249,15
"351",-9.71500324241193,3,23.1575518462405,22.013232054263,23.9304120918105,5
"352",-1.79204761428521,1,21.7885732611652,22.4078574658777,23.0963069482885,5
"353",3.89509778925959,5,19.9061593181309,20.7354195796596,23.7842085425472,10
"354",18.4765230341866,5,17.7876035026195,18.4180995737737,22.9229921896367,15
"355",-3.92914400949618,5,18.3979729464895,20.6310533151175,21.5371352293968,24
"356",-10.4470657476568,7,23.7478831993735,24.0489388309618,31.2169269594398,7
"357",-3.27595962550572,9,13.4767006495306,14.4662714386932,22.965937952756,14
"358",5.82254615510368,5,18.0130961979765,19.0346068452838,21.5155902183368,14
"359",-22.8511185944292,11,21.5882297609459,20.5793144477065,31.353767098719,11
"360",10.1254104680078,2,22.5959799647054,22.8417734345659,22.8589299855682,9
"361",-9.89948626551195,4,16.32317887399,16.85696710652,19.8704673578712,12
"362",4.58155715140561,2,22.6595772863213,23.0730373486412,24.0520478788008,13
"363",-3.85345828506684,6,22.1627387479439,21.7054973535955,28.4391371029646,6
"364",0.846949953465439,6,22.2337890858233,20.7131782500158,28.0388353391872,13
"365",2.13797719573562,6,21.449487570052,21.0080922892089,26.675555438752,7
"366",3.07132669116804,4,17.9473582241706,16.3726428549669,21.2199644876854,8
"367",-9.3648195091565,7,17.6956200901124,18.6186365261738,23.1547322659653,11
"368",-9.74266428298261,3,21.4928680375027,20.6315749013649,22.9969020713335,7
"369",-18.1330194821075,3,22.7071517711535,23.2292023614322,26.1875996594957,8
"370",-5.35301147121486,4,15.2593518142332,14.348221701348,21.3785182491696,16
"371",6.74396107534768,6,21.3243906405967,21.4134868846129,25.6740994877382,14
"372",4.11653189566679,7,21.0119133631953,21.4316797498407,27.1097605727876,8
"373",-0.310164967091588,3,16.2026765133476,17.033169215894,18.1131677533946,16
"374",-5.52908010813293,6,20.3355614063737,19.8880402246968,26.473787232673,8
"375",-4.4068978678208,3,19.3556910818262,20.9435786985816,23.9631824659135,9
"376",-10.0910991514793,5,20.7357150004643,19.7220081590937,27.935402288208,9
"377",-10.8678703379063,0,21.6894358151361,21.866704190701,22.4653458763416,9
"378",11.5014926216207,1,18.7229079023433,18.9363897305316,19.9530963641041,6
"379",-0.0379297234163314,6,21.3450075638874,20.5024721858195,29.5640540930884,11
"380",-10.5871990044793,4,23.7814192500418,22.3295456693785,26.3379558095451,5
"381",-10.3363850311622,7,23.5651920347621,23.2313384944521,30.2154935208741,8
"382",-1.39964295413789,5,20.2654234864689,20.1301380484192,25.8222923868423,9
"383",-7.1264756137507,9,23.7439206942815,23.4272165958778,33.1815675615401,8
"384",18.725616375726,5,20.239939598896,20.0663339479548,24.0262220383516,17
"385",28.7274231065829,6,12.8525231010572,11.849001742593,19.7145716806521,5
"386",25.0670655569567,6,18.9421528385864,19.8607545002512,24.8705230590772,4
"387",8.85385410102825,6,22.8407165357324,21.8420517629285,28.8349192519907,6
"388",-10.2494327903611,7,18.9875822806785,18.077434793564,27.254144591529,6
"389",-3.30220848493681,6,22.0274750851295,22.2648142910556,29.4157587884329,15
"390",-4.68855548339877,4,18.7419090649705,18.4619183354253,22.237086428693,14
"391",8.13786077797054,13,19.8755248214121,20.3454180773504,34.435115117036,8
"392",-9.45073744050636,6,21.3905747926164,23.2950060387692,26.4192445751146,9
"393",49.8206177579881,7,17.6872778522423,16.5666825935247,24.2555740649599,8
"394",2.4347489365075,6,21.2626558922888,20.3355751817866,26.3734119311139,12
"395",-4.79257142618492,5,20.5423221686387,20.967815217777,27.9369782471826,5
"396",-5.90389668012136,4,24.6131862610331,24.1312141956013,28.4528891961842,8
"397",1.8994007515169,6,20.2655768589863,22.9821774331939,26.4947740004103,15
"398",-1.71423184704653,7,17.720986300518,19.5333932322062,24.0985378398059,6
"399",-2.8926577512909,9,18.8255463955011,19.9047312042599,29.0062923772144,7
"400",13.3098844919126,6,17.0864221574546,17.4253292196376,23.7743564982453,4
"401",8.07159920614457,7,21.386773787906,20.6571488088254,27.8511181997729,12
"402",-9.07689707288137,4,18.1888582195574,19.3343636283973,22.5318586983775,12
"403",6.93142637834348,3,20.7566986056535,21.3313796915098,23.2403856523539,6
"404",13.9582273627944,3,22.622746362203,23.2077205678918,25.487702471783,9
"405",11.3530795539807,5,22.0569842933589,22.7499741237058,27.3547120067614,14
"406",-2.77100035247413,5,15.5108835569017,14.6906631250772,21.7996149683268,5
"407",-16.1206033655454,6,18.6517348837898,17.9721677364096,24.4919331792421,17
"408",5.58744511034192,5,23.4168542486295,21.9503158150416,27.8177843031427,12
"409",-6.84228206961966,7,16.3807278407709,17.574804980135,23.5284838233693,9
"410",-8.10153508929617,4,20.1673156641619,19.6679379751969,24.2036013324765,6
"411",0.999837194241396,7,19.1186941531597,19.2785545662377,27.0709683467625,14
"412",33.5716771520053,10,18.8456231608737,18.8313456200365,27.0625783080216,11
"413",-1.04540057622184,5,16.6982394855085,17.3226521132242,22.513765212819,6
"414",1.58867064715159,2,20.6537539170081,20.441451638279,22.6176141927139,8
"415",7.23486769647759,2,19.2775007378978,21.5655196294725,20.4505384409326,7
"416",-5.02621172209797,3,26.2225326523027,23.7881752302034,29.3560388064459,10
"417",2.00655896735806,8,16.2030267165422,15.6457121665686,24.794397798672,21
"418",-14.8629891289043,7,24.1942104570387,23.8016546562612,32.1152080781809,17
"419",-2.77055917126125,5,27.9295377414919,29.1708020610479,33.4545916715795,11
"420",11.2205990690107,3,16.1017993482584,16.7806321391249,19.8050123193558,10
"421",1.81746763883847,6,15.5414627976572,16.1220310293101,20.3715038280292,9
"422",6.31639896618822,4,20.0704852772986,18.1988439728201,23.6229005814633,10
"423",14.4372761282277,5,20.8679767602512,21.6268532111804,26.708995707991,6
"424",-0.553137119369664,5,23.9865312364264,24.4155787275413,29.0824287354277,8
"425",-19.4787455377631,5,19.4979068251149,19.8244383421216,25.5118151423003,14
"426",-4.69052508127438,4,20.3166604067928,20.0665815863045,24.2161835732403,14
"427",-8.02063584046414,1,21.9360010527907,21.4071703824022,24.294423032674,7
"428",-5.44988702734962,7,15.2367479591784,14.3496731622563,22.7204147880158,9
"429",13.9679403952493,2,22.8950383712442,22.2740403901511,25.5750611543375,13
"430",4.39851724855672,6,16.8940926605204,17.5007069854562,22.7507490027511,11
"431",7.57416544660823,13,18.8968198959892,17.6649276764837,33.4302136696956,7
"432",0.336534882040478,2,19.2097319325599,20.7675685349669,21.6259475785351,6
"433",16.2834080824247,3,22.1479823658692,22.4664613505942,25.5633836070253,14
"434",24.7548064565682,4,19.8437817876236,20.3157842164,22.0008006167605,9
"435",-9.36003571330184,1,21.5771023746393,21.7209428435151,22.2199907835583,18
"436",0.340026666789388,5,11.3069958866277,11.3386184808186,18.591742972618,4
"437",0.946753113414557,5,20.637374983515,21.3467021990008,23.8125939901965,17
"438",11.7833663373316,8,17.8254707569329,17.2082106796931,25.7064256965068,14
"439",4.61899666590969,2,15.9374970401676,16.1821771622245,17.7234069393678,15
"440",-7.82575435436244,3,17.056118089219,16.4437369962687,18.9488101136707,25
"441",17.6513305820084,3,25.2959540031817,25.4084652848401,28.3965235608912,15
"442",0.502387526394049,1,20.441958576069,19.2571602941832,22.452394372011,7
"443",7.78918739322003,4,16.72307330366,18.6780351270969,20.4270144411425,8
"444",21.4069738353653,5,23.0174129490427,23.1726180508192,27.5775962108716,20
"445",9.04822165229118,5,17.3527940656754,16.3825503033134,22.584290655725,6
"446",-19.2129324038347,6,19.6668603908413,18.743062343488,24.4138019471207,8
"447",-4.22200390745563,6,20.8713783363339,20.9720457111088,26.8241458099403,14
"448",-29.279750891963,5,18.9153798887689,20.4616451806319,24.4870087865281,19
"449",1.57199681774246,5,19.2738653251246,17.9525091313681,25.2879728356924,2
"450",-11.4447855216474,6,16.2244153631516,17.2506242277042,22.3335939837667,11
"451",0.189188052291124,5,17.2773164895687,17.2145991981662,23.3061066111415,8
"452",6.1375592219213,2,22.2612536021908,23.0684817348771,25.4898061326066,11
"453",-7.3759325912684,8,19.434050888621,19.1597076689079,26.5714810335237,11
"454",-6.78327735933396,8,21.1764249580014,21.2635111842661,29.3092096665452,8
"455",-14.5956919762828,4,18.8499606949687,19.3345808323358,20.9017516298794,8
"456",-13.0252339586995,2,15.9275225910462,15.8854954820994,18.7550860949762,5
"457",-22.6307644022421,5,20.8370656488473,20.5329989606551,26.3130227518968,12
"458",-8.98916223560281,3,21.5157745976574,21.4604507574833,24.8565841915641,4
"459",-4.83766421226154,6,21.4512228044763,21.1823014297802,27.5464639930372,14
"460",3.67898560797413,3,17.6023430872684,16.2269556961721,21.5881434228727,13
"461",-7.68862665628104,3,19.9161289656915,19.3138282505629,22.4330770284966,18
"462",-7.81333227494709,5,18.4133464105374,17.509285865949,22.3228256224604,13
"463",-24.7285242451728,3,16.7563842931356,16.3891551997708,18.4258285521226,11
"464",2.47993642542569,1,22.9534839136423,22.9736928507693,22.1215797293383,3
"465",-9.86427890799113,2,20.208813703559,20.1666269491049,22.202314774231,9
"466",-0.524196326254629,5,22.3360380189385,22.05419974473,26.4341960673058,9
"467",3.2301093941119,7,20.9876724727274,20.6645814676244,28.2693102993874,6
"468",-3.88198777030779,4,22.932458652324,21.5185649651557,27.868003088434,14
"469",-9.56692008222248,3,21.9266847810726,22.6942830502471,25.3932657312105,9
"470",-11.543815227122,3,19.6207216816419,19.6912867429728,22.374148925176,9
"471",2.17399853905795,5,17.7574360721649,17.2782026411763,24.0154569905247,8
"472",-7.77471301443366,6,18.8110045067104,17.8476808339167,27.583092416839,20
"473",24.9736254841207,5,13.9040703912987,15.1509423756582,18.758811368123,8
"474",0.408433042646717,7,17.356733477395,17.0623465569879,24.3515099502151,11
"475",-13.1169122653291,7,20.7008941648991,20.2541439831779,26.590939977599,7
"476",-1.37043247353012,5,22.2622132867007,20.8460671068124,27.0989649229543,17
"477",-15.1256499402104,5,20.9701236126086,21.7029543930247,27.9830226875938,16
"478",-0.148227966648337,3,17.8587188836385,18.3706382430266,19.9233433567152,10
"479",0.534321552414452,4,18.4086731842827,18.9262321360544,20.9965512213646,9
"480",8.52243076344629,6,22.9412497329202,23.2703583729136,28.5970545101887,20
"481",6.87934137988439,5,20.5907792326716,20.4978756736286,25.0539981926066,12
"482",1.58185886922366,7,22.6993318219595,23.1886550254442,30.9478746588773,7
"483",-10.8563652049984,4,20.9846154015609,23.8670882694782,23.5199551331523,13
"484",-3.86817411693565,6,19.0167022157807,18.6004771388659,26.5729964289474,10
"485",10.0561076435622,8,19.2903932164629,20.7246826835777,27.578627281371,10
"486",12.6447913902898,5,26.8851874350944,27.1237220936072,31.7355878157224,4
"487",-6.1916444506046,5,18.1281375593313,19.2824962771902,23.2893836603688,4
"488",14.3100291426577,1,24.372956697165,24.6998468773905,24.6470462296184,10
"489",21.6492061465387,6,17.6296275013961,18.5114010115562,23.7100257141169,2
"490",12.379888439024,3,22.3774132220919,22.4227394524221,25.3347131288008,4
"491",10.2991890462699,4,12.4349387295449,10.9581462273163,15.8740963100128,8
"492",11.5721428815772,4,19.03096549456,18.8525893460595,22.7079633915911,11
"493",18.8499860706017,8,21.1079925923716,22.4218975382369,26.4987112806091,15
"494",12.3064720604922,3,24.8244344750634,23.7464505267542,27.5171450929724,6
"495",12.5741520256903,9,19.5253796757386,20.1062590272172,28.3660208501416,7
"496",2.32578585051795,8,18.2295268275747,16.6146407735685,26.3726516699935,6
"497",-12.9283022485695,7,22.3498963065189,24.0820017691779,30.9565759410844,19
"498",-5.29605537024219,4,19.204794121827,21.3129860007917,23.8097462872475,9
"499",18.3303749422645,4,20.7141339223432,21.3053208427916,23.9408256839863,10
"500",-10.8328546705178,9,18.319651646172,18.5066728778024,27.7668699049614,13
"501",-3.76608164350645,6,23.4959500792656,22.7654022651145,29.115076976129,0
"502",0.683215028085918,8,19.4594002581168,20.3209803478415,27.1869675073293,5
"503",-17.198935875829,3,14.292726321552,14.5893562712262,19.531774013425,10
"504",8.37606955906563,4,23.1595726631613,22.8581918633936,27.0100952111799,19
"505",5.86615149871352,4,16.5713218923633,15.4093304493117,18.1008323944546,11
"506",3.3874938044861,2,20.5370225270462,20.09705430644,22.8124496827099,4
"507",20.3308301100867,5,22.7744932501387,22.0293930644525,27.6853268461824,9
"508",3.66109693884212,3,13.516587466283,14.2467228091108,17.3659141836635,7
"509",2.69489769803782,1,16.6861661951629,16.3409367915024,16.9343056698513,8
"510",-12.7380434596804,3,20.1814546557196,21.143745768973,22.3893149549629,11
"511",8.33568964232857,3,23.8387617043486,25.0204138247481,26.6479687395839,6
"512",-8.9933199561612,6,22.0078491453074,22.3185482395346,28.5632466984453,7
"513",-4.78899539709122,5,20.4859361640122,20.2890004234994,26.0778661574487,9
"514",-9.13508781478981,3,17.1792913971631,17.8488565435148,20.8694760572194,19
"515",11.3445092322009,1,19.6822349715786,20.2696331051047,21.9980816859079,8
"516",27.0046414979733,5,15.3714612067188,13.33334009382,19.5736974880378,17
"517",2.03997048179135,6,18.1998495961593,17.7101237161396,22.7946854019651,13
"518",-7.08012148964454,10,24.2535820158117,25.4703906795135,32.7117071633016,5
"519",-4.69011837561938,3,16.1080488968347,16.7765054141405,19.2313021047587,8
"520",9.90537749372841,5,20.2094185901761,19.9983371732667,22.7710102262374,4
"521",9.13217604368774,7,21.5931995726367,20.6726171496903,28.0595687686345,9
"522",-12.0602475276331,7,23.7606513073636,21.8037494124647,31.4911566798161,7
"523",-6.36248157701394,5,21.0751024170054,21.7363761096077,26.9732790249017,10
"524",4.28397518736537,7,20.381570538426,20.5864333957283,27.072352849623,6
"525",22.4808435074663,7,24.0439658714647,25.1984114661018,32.3344797822268,10
"526",17.20430524046,4,17.7425438342091,18.2506718962944,22.1671971433256,22
"527",15.2144732414472,2,21.064253041167,21.3782781537188,21.6342996585416,4
"528",3.52508639482041,4,19.5409491265562,20.8133451475255,24.5023434631811,19
"529",-13.1722532326466,8,21.2264395847854,20.0912311837604,28.3787778925458,12
"530",0.616199066328839,10,18.945689224633,19.2339511082113,27.0250547576818,6
"531",-1.01772737262456,5,21.0729102408448,20.5580072970883,26.1544433824831,6
"532",17.1267800023859,7,20.606500058469,19.9154857918501,25.594311350516,14
"533",-6.06195084708307,2,21.125346844665,21.2287221431387,22.5290238377545,15
"534",-2.89538824762952,7,18.7984726838373,20.1848197583795,24.0230147520304,6
"535",-16.5187540889758,7,18.831803995469,19.2354946432036,26.34812677176,16
"536",-12.6236624077208,5,19.0037995472932,18.2331015018238,24.6366859199936,17
"537",-6.08243827832222,8,21.0772292728075,21.3550916961103,31.6773387967102,16
"538",19.0905812221311,10,21.2923619573016,19.5340885706994,33.2588243615561,5
"539",-13.6847753969385,2,17.557706392675,16.9274330181682,21.2664823745906,5
"540",-4.52282140360099,4,18.2725450934951,18.210108342545,22.5089040103089,15
"541",9.13992449146102,6,17.9141095564526,19.9217281062451,21.6162705234688,14
"542",15.4234879592424,5,23.5696515999429,24.5607098694763,26.2622653279885,6
"543",-1.22982437930782,8,20.0256338815333,20.5989043742657,28.5173691697867,8
"544",-3.0198760840144,6,21.9265752314263,23.1637376033298,28.7538251443667,9
"545",-0.095464997779759,5,19.1282016029221,21.398106490011,23.6384868205264,7
"546",5.77940275856359,13,18.7568250139025,18.5596019036566,30.4778085261073,10
"547",8.09822523035564,6,14.6929864050021,14.3139013937244,19.6094139814624,14
"548",-10.9153679846611,4,24.7496006367587,24.4785568673641,28.7133843178828,10
"549",-8.51368993503753,10,23.3893234781485,24.3650685708087,31.8283979235006,10
"550",-15.2942838421091,4,19.3491072877762,18.9859759232883,23.2811749404139,8
"551",-10.2052872979568,9,18.2765839233369,18.7776593044855,27.5412499338234,8
"552",-6.04130908079625,6,20.5215705372623,21.6851809163854,26.105890141855,9
"553",6.17636817982713,3,20.1084721905731,19.5215360783854,22.7411448294181,8
"554",20.6889973215481,4,21.9627992244914,20.7301757132586,24.161353584153,9
"555",-7.3798443454313,6,20.3843442498285,19.7951490120397,25.4955567549544,19
"556",-0.880401488868838,8,20.0454785181956,20.0758344481692,26.4558995850598,3
"557",-20.3017531617499,5,17.5641494324496,18.0481450650503,20.6892669279068,10
"558",-1.72998708990546,7,23.0848103355912,23.6307019997527,29.7826546640127,8
"559",1.79585068063384,5,22.37593287369,22.1678687226544,26.267472110284,5
"560",8.23076431933593,7,20.0157748738474,19.6980254621512,25.8690021531024,9
"561",14.5915957038463,4,20.4766640297698,20.8414888029574,23.9575094704855,10
"562",-2.2088449280662,4,23.5401501118105,22.8006538201734,28.9802914115459,4
"563",-7.08399824301622,4,12.5822714135441,13.8517857842618,17.1080777886687,13
"564",0.108768822478897,5,20.6875466876118,20.2894339374471,25.2089573616187,4
"565",5.91127237894599,2,15.5041987454967,14.1067318199598,16.3724000901549,13
"566",12.3962810673886,5,20.3245511114838,20.7269744219252,24.7181896219373,5
"567",6.44617511372435,5,18.8700353879488,18.9496415781705,23.6585355697335,6
"568",-14.1278235636319,1,20.3958674944489,18.1223786439575,19.8595044954075,2
"569",-2.72045040008044,4,23.9908909248831,25.2439830429662,27.1099146825867,8
"570",3.22560959866606,6,20.0858953622512,20.4280171981325,27.2269314668273,12
"571",-13.8499725118535,3,19.2231096981063,18.2191341760321,24.4992157470252,12
"572",4.96808859063517,7,24.4599791752139,24.7217277156402,30.0299579449262,11
"573",3.09741244668817,6,14.585510198974,13.8604477166383,19.4187151113636,9
"574",-11.3166754091669,8,17.660828051452,18.5770795279252,24.9346245480937,13
"575",12.9140177238377,4,17.753633898177,15.5264298288362,21.1614088155602,11
"576",3.41837913650549,8,15.0067886361917,14.4734680660725,23.1958528279494,10
"577",4.06871572273786,2,20.4188146001762,20.860731844393,20.8137175615224,15
"578",16.032784761799,5,23.1160480720862,22.6196829603996,29.6318149217824,10
"579",-16.569955144388,5,19.2328840329966,21.1378403503471,23.9550026695995,11
"580",3.30651080859645,5,28.2498625957605,27.0786165454273,34.0772015095126,6
"581",-24.8364479612801,4,19.666143133317,19.0894832873903,24.1396382771557,16
"582",-5.14015106803023,5,21.3502273761127,21.1125803182182,25.1117009278684,4
"583",-18.295674787809,5,14.2465049369684,15.5209395209459,19.9292296887838,17
"584",3.41299345929555,5,24.9617634510037,25.7074020521083,29.5578659432464,14
"585",-9.69090403463347,1,18.9163238013398,18.0236730035749,19.3862013398308,8
"586",2.11710549195813,4,23.9834660417955,24.1525046462313,29.5004192522626,12
"587",-7.306794727968,4,18.555210100643,19.5317100388013,22.2420180386844,10
"588",0.986378481401779,5,18.5802844035766,18.8028800581035,21.3769896086794,4
"589",-20.1058763731178,8,15.7775439370409,16.5093908491714,23.5181712326341,11
"590",6.8444377140108,6,21.3863826252021,19.9705971700786,27.7679250582301,18
"591",-13.0984118891124,8,17.8162393713334,15.6541094378765,25.9634911346153,14
"592",-12.1303585511532,7,21.4285067258106,21.9483523691919,28.2341789115611,8
"593",-26.5650179912261,3,17.3088982792094,15.9174353525606,21.4100231373936,12
"594",-9.81799337622683,8,18.9223643597443,19.1387978571405,25.664448055316,10
"595",-12.5740490051744,4,23.3639083347442,24.5029384962639,28.4943305684306,6
"596",5.61524897350134,4,17.6613430805328,17.2254328198865,20.3973748738013,16
"597",-6.6489011063644,4,16.8254666983147,16.2305023177093,19.4237595608017,13
"598",12.0642279092201,3,15.2217014854469,13.6130162360853,17.2898948489591,24
"599",2.78196495465435,3,22.3234098462053,21.5269404709195,24.6177957333542,15
"600",-11.588137509139,6,18.7712779337034,19.5575273883299,26.1603923635701,4
"601",-1.40418699720987,2,18.8919061053612,16.8963046307452,21.2509758257448,14
"602",-6.63319846907442,9,15.5663017081135,14.5652133982802,24.4690479049148,4
"603",-2.74620942056467,4,22.1663931438257,22.0877432463813,26.4658969089599,5
"604",13.6147697958322,10,19.3956985336395,17.3295092801224,27.9415232115436,11
"605",-12.9148291837105,8,20.094497077123,20.9202379315607,27.0817036502009,8
"606",-4.64688460664083,1,19.9060597894837,18.9582419824311,19.9829207642749,11
"607",4.51143457775764,3,16.9881335343012,17.2356206839825,20.3121557958642,13
"608",-6.19168516372817,5,20.2305588471361,20.4167573558608,26.2471878346631,7
"609",4.64411646394632,3,22.297128994812,23.3413379469572,24.5486798812204,11
"610",-7.07386391372806,8,15.1825673092711,15.8989556227507,22.7396362764279,6
"611",-8.29441623884386,8,20.7205368027706,21.7518962138369,28.8523114975454,3
"612",14.7238246552321,6,20.4786127684524,19.5269176842407,27.9335739622905,6
"613",-4.05764650530795,2,21.7616562314518,22.1804501030619,22.9716089489881,9
"614",16.1252477680824,4,22.4134800073754,23.1707021913052,25.3469580369215,9
"615",9.86434211516269,6,17.6873948573824,18.1896169024138,23.4822140485251,17
"616",19.2631457077865,9,16.6039920885703,17.1316866583025,28.1584560084358,5
"617",-1.42781417118536,5,12.0451953529413,12.0796046652987,16.8491665023518,7
"618",-2.85740633947266,3,21.261758624253,19.9205621900015,23.5278504309963,16
"619",-0.752485284620276,8,22.5417374772556,22.9106004428452,29.788439577127,20
"620",-2.82007810294703,3,17.7465293311633,17.1656550092927,19.4435004353987,9
"621",0.21027234642848,2,24.3095345093336,24.7097201611825,25.9806504927542,4
"622",11.1211189134198,8,21.177170330852,20.8149720401195,28.394429676377,10
"623",15.6310908238218,2,16.7002449807809,18.1368695234007,17.7650288331704,4
"624",2.75897466300785,2,24.8428798357981,25.5276110521288,25.6335118961142,13
"625",-9.79363689012052,3,16.5944991356728,14.9650914094035,18.9736197612437,13
"626",23.9703562462716,4,19.4509250061988,20.2249208997125,22.1691590475611,9
"627",4.28595844933466,8,21.6039525805382,23.4739658654822,31.8734619740019,6
"628",-5.90395000130906,5,13.6488379257923,11.9494349106567,18.6633129958005,21
"629",6.53752151707129,5,16.1851223970639,14.6180970825996,20.8398844301357,19
"630",-16.0002530911181,6,14.4023767042267,14.5816951712345,21.1595373813154,11
"631",8.57240533215725,7,19.0642694763767,19.3755428121923,24.2319979464272,9
"632",2.23109743919097,5,19.5848767263926,19.5395951895382,24.441005722503,12
"633",3.51537951297607,9,16.0823766780103,17.1917477070156,23.9955744356623,10
"634",-0.74191357038616,6,22.17815029076,20.8434408674964,28.8186330396304,8
"635",-9.62075970495917,5,13.4516051817822,14.6217478487934,19.2944715119767,6
"636",11.5488696285964,6,23.7488659609818,24.5686704818955,30.1823486227362,9
"637",21.2193921835621,6,22.8434553060097,22.7861050421413,28.5938845488828,16
"638",-5.34634632827119,5,20.293615596266,19.2491172584286,25.6726130015173,10
"639",-2.12632094297609,1,15.4382888718329,13.5779993177486,14.9321870917457,21
"640",0.34068084258314,2,22.5491113031397,21.2459621988239,24.3514186272639,6
"641",-4.51249597362585,3,21.2293852880086,21.8394412548269,22.7194507273065,18
"642",-6.73585893654006,3,18.9898396188364,19.0907257807147,22.9483129752516,10
"643",13.5061082187626,3,17.2646625726295,17.1355814260811,19.751395863894,12
"644",9.18446304629658,4,23.3597632472597,22.9366114592479,26.5035248613039,20
"645",-10.5833283689466,6,16.8972953693825,17.8564393052744,23.2712221577618,7
"646",7.74782566162427,6,19.7983090066954,18.6778409438407,24.9718188583583,9
"647",-12.4014851211157,6,19.5738998510406,20.4404103813647,26.9491744648463,8
"648",-9.26667808832455,2,17.2582927232756,17.3403752878742,19.1687588876339,8
"649",-9.77646956098827,6,18.1950850318688,16.9799394926797,24.4895499165668,18
"650",9.58267332685126,5,20.9842019537557,21.2288144910426,25.2852546696699,15
"651",-3.99014629283672,2,22.2165447776131,23.728343995482,24.3445775214051,14
"652",11.848474525182,5,23.9646968407928,22.2038547858199,29.5657685489888,4
"653",-9.57996010095782,4,22.307410222431,24.9322268513947,26.7159914728327,9
"654",8.27491803517229,1,16.785489259479,15.0295836947784,18.4065755174448,23
"655",-8.36030056700158,5,19.3024610689456,17.1914047704579,24.9414266856505,6
"656",-8.22134250124703,9,16.3025161948744,16.309463740389,25.2625897510887,12
"657",16.6532742349637,10,16.5657206224543,18.2662664980442,25.6307260847948,14
"658",15.6339719696251,4,20.0054569661558,19.4351072237292,24.2043285571994,14
"659",-10.012457413883,4,16.8157217390916,16.9376335709987,19.9781693820295,11
"660",0.716582214984498,6,20.2712687314767,19.7046250915328,24.6666215329464,9
"661",23.1682544075967,3,14.6117707465512,15.7635272108863,16.2929961339627,15
"662",3.41750875382481,4,23.4800395742156,23.2144300668137,25.8600138703064,10
"663",6.82086652537996,7,20.8811275029733,21.6588027166293,28.6358065218727,19
"664",2.54117760033307,1,20.3579802831353,20.9016543473138,21.6867848624901,15
"665",-6.23724381155344,7,22.8982759175137,21.7742240827394,28.1780649764572,10
"666",-14.9017720780599,1,19.2981105617154,20.4694542101622,22.1815753263331,11
"667",-10.5367023612962,4,24.9172156498362,25.122384121998,28.2182812934017,24
"668",-5.08148196189021,4,22.1040323598071,21.918704212087,26.5701732362493,7
"669",-0.902683831180397,6,12.5063723256321,13.0323630559623,16.6086448273066,13
"670",-6.63795390729932,4,20.5849390178126,21.5037716491103,24.6520835353542,3
"671",-6.86954204629481,6,18.6495138897252,19.5560961129433,24.4550461197026,8
"672",-26.6693683265323,3,16.4579915458985,17.4347414860177,19.5962446601837,13
"673",5.77935962350573,6,25.184914611664,26.2501771152625,29.8789706244985,12
"674",30.4605550811828,6,20.8226741508546,20.3908242583061,26.77248022845,13
"675",2.54069589415238,8,17.6384381508775,19.6053299607701,24.4685425055413,12
"676",5.74867475548922,4,22.3456717515484,25.4474147060501,25.965295066366,9
"677",-2.32567886087487,8,28.2499678896692,28.2102780963766,36.3308525910299,20
"678",2.10588540273566,6,25.3730140359821,25.1389270910175,32.6228302671,18
"679",-5.7908251718177,7,24.2393086952898,23.5238824637383,31.1820316769016,12
"680",8.44387344960225,4,19.5094959444718,18.1960820402991,23.2368858873923,3
"681",-11.0337928847333,3,26.0894344273981,26.0700436365292,29.6736520627516,8
"682",1.485227983439,8,17.676314814967,17.1492283285477,26.3879860235307,14
"683",12.5059702530792,7,18.4037903731752,16.9646065959231,24.0608852006249,13
"684",3.04623160014004,3,23.4123207996648,24.6517550453825,27.0524243159127,10
"685",8.14382072418196,3,19.7587604279569,20.7722459701391,23.4074179263372,5
"686",-2.54940798690436,4,17.3873408406859,17.0229771211972,22.6376918659508,20
"687",9.85024004505049,7,25.1068961995753,26.19431040725,31.1403124274575,9
"688",5.69425900145474,4,17.1529841895125,15.5511985779941,20.2528695043439,7
"689",-4.87925415221897,5,22.4431190502244,22.697017605367,26.1833907801993,10
"690",-14.2944134758658,12,14.3598410927043,14.7984801098242,26.0870878424325,12
"691",-1.69713077419653,7,17.1591700189356,15.9538579795683,22.1625776531621,10
"692",-10.3306353509961,5,16.1192057254463,16.3197473143482,22.488094954005,9
"693",-5.62872147343881,3,23.8655305520291,23.2497572906434,28.246274385793,7
"694",-9.74517169627743,7,20.0362402730588,20.3697842657284,28.7231448316583,13
"695",5.9605718115788,4,18.2442326029724,17.0783564140511,21.7426945898282,8
"696",17.7782706899055,7,19.6873330395845,20.293408943736,26.7219848912683,6
"697",-18.4136268364004,4,21.0403718980038,20.807286117195,24.1310760091042,12
"698",-2.76484139355614,7,19.7656390377759,21.2145064646031,26.6519104952403,8
"699",11.9370248115987,10,21.0389535829765,19.9732154336818,32.1715020387692,7
"700",16.2337403194961,0,18.5019899645676,18.0706593556256,21.2243257431149,8
"701",-12.3512550745691,1,17.2702438256697,15.8479794865231,17.7358959336615,2
"702",49.1841317796173,3,20.8097923391151,20.0001336580145,24.8459228662113,12
"703",8.19259194856062,10,21.6660604607236,20.0423260422624,29.513977302681,14
"704",-21.7423789168315,2,18.1841220941314,19.0057229311719,19.7552120680485,3
"705",-4.61064292508412,6,25.7357753417295,25.3074439926347,32.1620293570322,15
"706",0.578085292856997,5,14.7141800546173,15.6203905143677,19.8453936233392,14
"707",5.95404724486305,6,21.4799933461313,21.4071949046973,27.4097409911898,14
"708",15.3043394790771,6,21.6031755842188,20.5235234486053,28.1412621273277,8
"709",25.5780556906574,5,22.4972876192037,21.2316997593654,28.2308560361149,15
"710",-25.8364722850169,6,21.9128154584486,21.5377622901922,28.4281260553197,14
"711",11.1579515701614,5,16.6446834233396,16.6421923680254,20.5742853919353,20
"712",2.9368252502794,5,18.452318032535,19.937498152208,23.5031751813272,5
"713",5.34192019432879,2,21.3032474963143,20.7682838095013,24.1728418727687,5
"714",-5.58751497166955,5,18.6095384246925,18.1716870706825,23.9441350083682,8
"715",-2.53840870562718,6,22.5798722263624,23.0654480796315,26.8991281460302,11
"716",8.68644287710291,3,14.5449116368226,14.6125678803214,15.3993792958377,15
"717",11.3617110251252,5,21.7016815358067,20.7555643996776,25.7443026457678,7
"718",-1.78388974975108,6,18.5895388382242,20.1327161355876,24.3080877662409,18
"719",-3.2137643107311,8,22.3113678098472,22.6539847124774,29.7165567530558,10
"720",27.5565110402661,4,21.0184757184011,20.9384456269008,25.7700772399728,5
"721",-17.0275061856229,8,19.8124412647806,19.5046935535993,29.4468666702803,9
"722",-19.2941767854594,7,15.4434620270394,14.844126831051,20.930617243261,2
"723",-8.16708598515437,3,14.829996823304,14.3646977325306,18.7876503714438,6
"724",11.0502614355817,2,22.2412049706596,23.9588122379282,24.5923979684293,10
"725",8.66167398211189,5,22.0715539582482,21.1370957672875,26.0183064180963,9
"726",-16.0986164608102,5,21.0299950288561,21.1454034184693,26.8049053908582,10
"727",43.3347344974919,5,14.7736087836937,15.6296959581861,20.7413310486527,13
"728",-12.0145653753644,5,16.5733184102482,18.2699344751015,21.9601044004032,7
"729",-26.3614131853821,1,25.0151613460351,25.2746253931184,27.6459047567963,2
"730",2.40181914935031,3,21.7822454563384,21.8062989714237,22.8665857250288,3
"731",5.28472175209741,3,17.2319528600383,17.5722886665259,19.7570027499548,14
"732",5.32407716339382,5,23.046926523826,22.4255705252029,28.2148483529757,6
"733",24.8851478757682,0,17.30184438648,17.8496076320557,16.3508556575862,11
"734",12.7449087770657,7,12.413201209147,12.4137355361988,19.6248453389783,8
"735",-5.47067221075945,2,21.5769759471752,22.6625114889979,24.5386679952742,5
"736",20.1225409072801,6,17.6910150029065,17.5668423213733,23.1713397642433,10
"737",-5.93113578774787,4,21.4475743804278,21.9345072059047,25.4273523676226,12
"738",2.59461186299719,0,14.9297756710849,14.2085095328878,16.0222902761063,14
"739",13.139296460299,6,18.6536685677842,16.1106868279592,24.895270823789,5
"740",25.6093883008134,6,22.8086831866754,22.8222624401581,27.2573281587547,14
"741",8.33660161612968,8,26.7208137682236,26.7109570065715,33.479206551294,10
"742",-8.37738527909552,5,14.8720273757325,15.8808924778221,17.9608654099253,14
"743",16.3697344237254,4,26.5670798640036,25.689532905484,30.4676184593408,3
"744",-3.32848162334333,3,26.1381790474837,23.799391264627,30.0842977362908,8
"745",-14.1807095048701,8,16.1638499804107,16.2467118391653,23.7526851360584,11
"746",-10.1325236234539,9,19.1040107448677,18.5443021363017,28.1122574490523,11
"747",-6.20212139132761,5,17.3756048128316,18.387039404995,23.1021706919785,6
"748",4.53181477794599,2,19.8976502578696,21.4201809886499,20.9193110373755,14
"749",11.4746577622718,4,18.3799143734479,18.4662874876232,21.4047230486671,9
"750",-7.41210467775775,7,15.6107996363399,15.9676476877659,23.6228100372918,8
"751",2.27645764740188,9,21.9512747380227,22.4820753666764,29.4900675520932,5
"752",0.341143155858429,6,20.8843759530246,20.1430699033011,26.6793975960868,12
"753",7.96858064831616,2,17.3499192570645,18.5462613193309,19.7779957771375,11
"754",12.4626104485409,3,19.2393331503204,21.0775861949341,23.2339210109459,7
"755",3.96316212236234,0,18.8151391806012,18.3069271601304,19.1289508443329,12
"756",11.879163725279,9,19.0333968244076,20.4222684251217,27.3827230792627,9
"757",-5.37477098087751,7,26.2213453610252,26.4538133631537,32.6178959374491,14
"758",21.4930043538993,4,19.114445751075,20.7505469553364,25.0702438999723,12
"759",4.58155413801332,8,15.7964598930897,15.5415454432271,23.5485325556159,10
"760",21.8338706823936,8,22.6574386393855,22.0968867557744,30.8362859248961,13
"761",-17.6500759154065,7,19.3087968618163,20.7916852536884,25.5238967426038,15
"762",5.34707871225691,6,18.1551018035309,17.9314679987946,23.8695449043535,5
"763",-2.47538468382816,8,24.1592539425753,24.6165265885798,31.8932270796544,6
"764",-0.337858214875336,4,17.9407874070715,18.7538143827411,21.7154543515261,7
"765",4.57383745266498,4,19.2453437889238,20.8850891638549,22.4337484962748,12
"766",-8.17775215374243,2,17.7567874668245,17.3276664520306,19.9726032535283,12
"767",11.8798958309554,2,19.2245845270064,20.1898977570304,21.1117767214546,14
"768",15.9645668051189,3,20.5922632941578,21.7622573962071,23.2873694734109,9
"769",-8.75417073869111,7,21.5486458183447,23.0084435403231,26.8399141267433,8
"770",-1.44736694631326,5,18.5008192758452,17.5541244957126,22.2866534282172,10
"771",10.621316715584,4,18.6838246776118,17.4347193241394,23.3981474905467,17
"772",-7.3638005278547,5,21.0301790643529,19.5913189420483,26.4417961665339,8
"773",-3.35621782562371,4,18.3657448018925,19.3142288307656,22.9951057971962,10
"774",1.80891972661091,3,22.1846529781271,23.5149672953399,25.2596045858975,14
"775",17.6737109162195,4,19.3535765161657,18.8984858021123,22.2250561148385,10
"776",5.83454576292273,9,26.964279082089,26.0597891180179,35.9543761625272,15
"777",-10.2060545810272,6,20.6183902708925,20.3318090399074,25.39214447991,4
"778",0.992812488019018,8,16.0416196242296,15.1716614249132,23.6157032470777,13
"779",-19.4290587737977,5,20.5309330089691,20.531668714436,24.6920291104276,6
"780",3.96037334904184,6,23.1247748387495,21.8164286806224,27.3731204913642,7
"781",20.364488395865,4,21.5176174575726,21.0850001607952,27.5015350641983,7
"782",4.89666867054837,4,18.9588091344327,19.4598975173965,23.9960397735426,21
"783",0.545656535396203,5,16.7192709908492,16.9095274109426,21.4344343881838,9
"784",-23.7738211795094,6,14.745710943566,13.3249811540642,20.7391779538613,12
"785",-25.3389581097499,2,16.4427579121046,16.3384181783015,18.4242813471954,9
"786",-10.6447856131117,5,17.5716964816419,17.1684280139522,21.7533510857119,10
"787",-18.4618469305107,2,13.7359363080092,13.992553331314,13.4422833982564,5
"788",5.83708938657579,7,20.8407191796245,21.1847329910387,28.719044335775,5
"789",-17.8905239785538,8,20.9984718624065,22.4634033133186,28.8185478269848,10
"790",8.49853272651751,5,21.0624484824717,22.290842355205,26.339440590879,7
"791",-15.2366954274562,10,19.3101869289483,18.1238628423064,28.7636032508833,8
"792",-11.8624771840398,7,21.5468437777605,19.5707204487806,28.7118750088086,1
"793",23.3403061947509,5,21.7766492328588,22.2297647425872,25.7518313664212,19
"794",18.7715601245198,7,26.2023366941881,25.7653330237884,31.9318338753025,16
"795",3.32349057830562,6,24.6630736355194,23.4990179774605,30.2308313939048,0
"796",2.65541744778699,3,22.0822605993425,23.3148072037068,24.8419203287423,14
"797",-12.2741606030702,8,22.7018338841384,22.9737867958518,29.4904501225704,13
"798",4.54841204976063,5,14.4719070712854,15.8241884668916,19.290275570018,11
"799",-9.26109355022096,2,21.0443150851325,20.1890872817459,22.9322277143776,14
"800",7.76001505893976,2,10.2306351823652,9.63180356209741,12.4478984261144,8
"801",-1.86971745696703,8,21.9404737739248,21.3603194960495,29.3317609702139,11
"802",-8.77972439867662,4,19.4674192244451,20.4499439907687,24.2709100474082,16
"803",-12.9419878143641,1,17.8427805478488,18.6165280933093,18.1178639359418,11
"804",19.5274036479028,4,13.9377717937207,15.5448553591599,20.3954181795423,10
"805",-2.18085301406296,6,28.858048650456,29.9893553082204,34.8842664845292,6
"806",14.3955119956155,7,17.1029655627141,16.7077598321851,24.7161338056065,8
"807",4.64973146066815,7,21.053900677632,20.0264739969676,28.6627211521923,16
"808",-6.88465851348479,9,22.3726155361712,22.7743386181173,32.418915617845,2
"809",17.2553883713617,8,17.66455521984,18.0480523248903,25.5654040818028,11
"810",17.8434191045625,4,18.8327722708862,18.5368128435894,24.5112681326635,11
"811",-17.3367799079808,6,21.7173291010115,23.0984182216143,28.4957306919863,9
"812",-18.2470444981891,9,16.6639213945953,14.9299334849717,27.4300108964409,6
"813",-2.50454594546207,5,24.7986257580087,24.3494306261814,28.9835070319202,4
"814",-11.007459914341,3,19.1024045379243,18.1368564711859,23.6962151085202,11
"815",-2.41710932758136,7,19.315816016135,17.6909031886155,25.9017800885104,12
"816",-0.0494845290248165,6,20.6131762109071,19.7187615406711,27.9329305588296,9
"817",-19.9342069421351,3,21.2400963396794,20.7874632453914,24.2253380207405,10
"818",-7.49449455902827,5,13.5081182101075,14.7700771432659,19.266028382256,4
"819",37.2502827859256,2,19.6270009450137,20.3275748558351,20.5322492511093,10
"820",3.45686961256563,2,20.6861278822289,20.3719899853938,22.0628220528252,6
"821",-10.7046294129918,2,19.1700342286357,19.1416547156233,22.6139277924369,13
"822",-13.3132901290754,6,18.5880346169969,20.0147081069464,25.1865264930699,12
"823",18.8682277494465,4,17.1069684789835,17.0773974641297,21.7144429713236,16
"824",-7.16713143534533,5,22.6095783618362,21.6996169043558,27.5810521019814,5
"825",-9.19774155002975,7,19.2072905178824,18.8454399409809,24.9950099095732,8
"826",7.03620710036046,7,22.99445009967,22.9176073250063,28.2941873604656,15
"827",-5.5546021608495,5,16.8104517433752,17.0993280449645,19.7131497374656,11
"828",5.0548178566306,7,16.723866586382,16.2630178692029,23.5695357819359,19
"829",1.78234087230645,2,23.8492928526972,24.7858206898291,24.9308646971439,7
"830",5.58468152427101,3,20.9950598227314,21.1407389412745,24.4687574321105,8
"831",11.25998835499,3,17.8633963908674,18.8169225140762,21.8737209211538,7
"832",5.05749480266053,5,18.6679808404957,19.6143035347117,23.0161236007049,4
"833",26.1739518465608,4,19.2865538190826,19.9711332178554,21.5023289939823,11
"834",-0.00954485527283921,8,24.8301401175085,24.2124052814578,31.6818097452732,20
"835",3.64231295811831,14,23.7346529199852,23.8907118629705,38.9525687697191,11
"836",-2.94483798333672,4,15.7310954543255,16.8014482386504,19.0578314600825,15
"837",21.2681873857199,7,18.3992380175897,18.9992939990982,25.4501448494364,11
"838",-6.73856002790927,3,16.9984842838449,16.3482277748953,21.3391138081741,10
"839",1.63923584899048,4,22.6249908472014,20.7630757268814,26.8418220859456,17
"840",-8.31101852223347,7,18.5296563838026,19.7708552392128,25.2301581189921,6
"841",28.0278565036184,4,20.9199025222629,21.9040177227682,25.773437847455,13
"842",-10.925756800147,4,25.5227642928391,24.8650468561685,30.5352951872446,11
"843",-10.7215455409067,4,16.7725433579259,17.8847062675864,22.0063379712128,6
"844",13.2979468113019,4,22.0555784110251,22.3739312746615,25.6986458228482,11
"845",-6.63368071671553,2,27.1441353076284,25.0227317528254,29.4355510349117,8
"846",14.0092370813988,5,21.2744957642184,21.078777178473,24.981716256069,10
"847",-9.02128767971268,12,18.7169497397019,19.8356934951735,30.2247265685239,9
"848",3.54932144356972,4,24.1566025910955,23.8534106090328,27.7033761241943,7
"849",-13.9159868073005,6,20.5281972719063,21.0562464665416,26.9172953749509,13
"850",20.1758869437502,5,16.4072847093638,15.8315173852903,20.7321909092849,7
"851",8.36951302051647,10,21.3510099116904,21.2781670600635,31.1194916692516,17
"852",-18.2724542943784,4,14.7023621116565,13.2718150679332,17.7783068843405,13
"853",0.0773709007910384,4,21.1011795098265,20.6430372357989,25.6717671475574,6
"854",0.556578175821446,10,25.8334656207904,26.6304134716468,36.2177440715741,12
"855",-17.6256567476414,7,18.4514916802466,18.1090115336578,25.188019285843,9
"856",0.794052113511974,4,21.1056625665145,21.9528167421239,25.7492733599285,21
"857",-10.8243920970394,4,19.459852678947,18.6031748066399,23.2942316036502,10
"858",-0.947356511588511,7,19.7747630081731,20.3625557436195,26.1068605045228,9
"859",11.9554297701083,4,24.3835757755217,23.4818600059559,27.366614190696,8
"860",-12.9467945197688,2,20.8254759942993,20.5699695840447,22.6906773957357,11
"861",-25.0353946725015,12,23.7621152827553,24.3960504565874,35.4033114995826,8
"862",2.85071548315747,3,20.6226371700099,20.8653182190612,24.2871753974943,8
"863",-17.234111073435,5,22.1950877986161,22.5336687136482,28.4141642411782,17
"864",2.4515113428045,6,22.8478479206397,22.9961539275121,30.6351283561519,5
"865",14.3296554590133,3,21.5859453928494,20.4496017936767,25.3934373202535,23
"866",3.07057021533116,11,24.9408131433152,23.5359478067628,36.5972545156529,12
"867",-2.72191107759678,6,18.8759880394922,18.1097145708987,25.1472026499261,3
"868",-1.94010214495719,6,21.2212668438711,21.70717602988,27.3833469783652,5
"869",-7.04284637736239,8,18.2653384626778,17.5113143544066,26.8454515502299,8
"870",-8.54004158077124,7,16.3956914631039,17.8466411539535,23.6267140206358,8
"871",2.00584073812212,6,20.4740263733448,21.4293071320581,26.653911723052,15
"872",-22.3008710373571,4,21.0246729627022,21.0257900996438,25.4184249674462,11
"873",-5.64946640055672,7,21.9815875823022,21.3480930511996,29.1713519075724,3
"874",-15.8737334760595,4,24.5893610424648,24.5324693661895,28.1441879210517,20
"875",17.6214341723973,5,19.1918296795478,19.6020788978122,21.7788087764217,8
"876",14.0479065652778,2,26.1867854459027,25.6040397170906,28.0493408145303,6
"877",8.00838599136812,6,17.881724775587,19.9973083613589,23.390772387613,10
"878",0.165413973516051,5,23.2582469278843,25.4817817380593,27.8413654291878,10
"879",10.3698885766097,6,17.1606006691032,16.4515703826503,23.2003693661931,7
"880",7.04900052656616,6,15.8007956924752,15.1262630241737,20.9246104476293,5
"881",0.425275321027483,9,20.4621167991969,18.6228983561147,30.7783423020611,11
"882",-11.3309936631824,6,17.7244285919345,18.7425056758468,23.1334583466044,13
"883",-25.7016428126045,10,22.8625225931622,24.2828178035628,32.2579025919357,11
"884",-21.4872996333379,1,17.9134879391721,19.5983149768839,18.8907573339831,10
"885",4.70372731433221,6,14.6740946979022,13.2454226295571,19.6720878812793,4
"886",-2.77413987351527,4,21.9404879345892,21.8803286523693,24.0861486238153,11
"887",-6.55496159329084,4,24.3635839290545,21.8576836177323,27.9696172761857,2
"888",-5.51102570971265,5,14.7055160343076,14.4277555606597,19.4100317933874,3
"889",18.7836125853341,5,20.4637490566101,19.119688822488,24.1082352268358,9
"890",7.45413317372936,7,18.7439056618329,19.1476603616779,26.5289036052567,9
"891",-10.6319030669071,6,17.2021849018546,17.4388397866331,23.2024661582252,5
"892",-10.6493795556234,10,21.0536938012031,19.1470899716386,33.0753646290086,9
"893",9.85521713726255,6,17.2165526565675,16.9644923644635,22.1016886374012,18
"894",-1.56520775935384,5,19.1122551626611,21.308347717129,23.9029106551632,9
"895",-25.3403527238998,4,16.041085116712,15.3652801988451,18.5618171789804,11
"896",-24.915672901314,7,19.0856612885142,18.9479421250323,26.1683786283386,13
"897",5.9559772163088,6,18.3876817325174,18.0617410056956,26.0158393671872,7
"898",6.24658584492789,1,21.0482533984822,22.1256934162549,21.6492951589209,11
"899",14.5078592246017,8,18.198228942538,17.6757598530809,29.3799035569254,15
"900",-5.48723378660809,5,16.0914977827324,16.8171170647259,20.1253764350144,11
"901",-6.71215512949305,6,23.6039178843839,24.5869824473537,30.5387433805065,11
"902",2.07962503777372,7,23.5998880121637,23.8039349621723,31.5671273015028,11
"903",-9.73882256745271,6,17.8376944266887,17.9049855324097,24.1771456670093,10
"904",3.14396335060996,7,23.009048781641,23.7290003126498,28.5362015957322,8
"905",25.7981236107019,4,13.5111916657949,14.4702836646086,17.9933491082258,9
"906",-3.82324129853578,4,22.2925287372481,22.0736735232412,27.0963714073476,3
"907",-8.62449845361985,1,21.0832924654449,21.6662128571827,24.0167349534239,2
"908",0.671818274586371,1,26.5624044338676,26.1166411849325,26.5261168888187,13
"909",9.25963481723433,6,18.3726734799361,18.9499737494412,24.5864113053079,13
"910",-13.4336173984151,5,16.525318480662,16.4745226725718,21.0002732628912,13
"911",-11.6811979283702,1,19.9402891511465,20.9750839924711,21.1353941453103,19
"912",-0.597522145149657,4,17.4045010444995,16.4592851543992,22.2192420692433,12
"913",-3.68666322153956,6,12.64151525608,12.6407688284732,19.4494284417106,6
"914",3.41588958201484,10,21.9609334383247,23.3016581043297,31.230035008737,9
"915",5.33274842025114,5,15.4472611948012,16.1557133632156,22.2819356188777,12
"916",6.82871789852622,3,18.5705155739569,21.0861365055674,20.2197900673142,3
"917",10.3551339116701,7,22.8235000855231,23.0139667140211,29.0081666059455,9
"918",13.5290232227998,7,21.4126025542665,21.6262433975836,27.084739949852,20
"919",4.34598885415964,2,16.9307462946914,18.1021497210919,20.4748848349249,6
"920",11.2089292434292,7,18.9395971871922,17.0924304527113,25.7578014649632,7
"921",3.35612815752715,3,21.0425049550461,21.2664810997206,23.4304157883432,7
"922",-8.0071862168191,9,19.2808549365412,18.5119614445992,28.0327125169287,9
"923",-5.02751696309718,4,19.2786791730547,16.9059961093881,23.5496265073116,9
"924",-16.1111420095056,1,14.8993144353307,14.4616793365404,16.4903915513492,12
"925",8.83378607107922,5,20.1830594198808,20.7324332133993,24.9982653604381,17
"926",-14.3629415184268,5,19.0363528366956,21.3116148903025,24.9300876600513,5
"927",-1.01160251397462,4,16.516463011739,16.3596851142388,20.9723090968965,27
"928",22.1491464096314,9,14.0065661447895,13.2484996674231,21.7218517304338,4
"929",6.53553522934279,4,22.7072819096088,21.4732749348784,26.3158631242718,4
"930",5.5716338072843,4,16.576849951071,17.4501121095563,21.0767399539092,7
"931",4.16994890622817,3,17.9315110211051,17.0863465291489,21.2818479016627,3
"932",11.9138672590192,3,12.0853635956381,11.6963028875154,17.657632783742,13
"933",-6.51921355645136,6,22.3017723788902,21.8167427519275,28.2482978325504,11
"934",6.22053808610061,2,19.3975689522384,20.7570299898445,21.6125635806905,7
"935",9.34862881220259,11,18.7515392676584,20.7282611697345,30.7936073826923,7
"936",-9.1328057840142,8,17.2464580762894,18.3207506519558,24.5776693469125,12
"937",0.830600077122948,0,22.9640650466862,21.6824426519061,21.5453774294413,6
"938",-6.89151575632313,5,16.5185296736347,16.1529036036172,21.0646306670333,13
"939",8.52368792208721,4,20.8371934865166,21.2585712180561,24.9287186331441,5
"940",-5.50032483551915,9,23.646426584554,22.8497979412588,32.8590460216636,7
"941",-9.81471176360903,4,22.1816862109749,22.8274170179275,27.3578043830613,7
"942",-25.7278958250625,2,20.1488667715694,18.3653610933086,22.6757522915589,6
"943",-17.7795476906756,4,14.8376629461822,14.8351973974073,17.8461121646009,10
"944",7.91335880269793,11,17.890983056952,18.7271105808357,30.1583513233997,3
"945",-6.8393386073118,6,16.825828279593,18.1606773996871,23.8630294010555,8
"946",18.3324760229066,3,22.3633440102217,23.0142078457479,26.1540081953554,14
"947",-9.43820669086199,3,14.7809538917337,15.1604082787614,17.4320179958028,7
"948",-3.05444820857254,7,21.3173318958441,23.2362801598825,29.3460682688824,8
"949",-8.23658933224657,5,19.4027165490874,19.0164947320105,23.8795942018588,5
"950",-4.34461910647253,8,22.545341514916,23.4538861536148,29.5683392550659,9
"951",-19.1130510845071,3,25.3893940747084,25.6135976113285,28.7493045745334,9
"952",-5.59601176395346,3,19.7066105370948,19.2745303311713,22.4306515345592,12
"953",8.26225381057548,2,15.5089418146145,15.3598337617497,16.7007195422699,14
"954",-2.39242176925573,3,19.2122054872204,19.2442919173014,21.9310088035377,13
"955",-5.13159568897262,5,24.6306697218668,24.2350332578721,28.1683584757965,4
"956",-8.86284261504912,4,17.9627334484828,17.8832215684019,23.4064506646539,5
"957",5.70756383628758,6,23.122067092297,23.762369539168,29.1424371726045,7
"958",12.827178751453,5,18.8930464093179,19.4604198849101,21.7535476390832,13
"959",-7.17511702007458,0,21.6510631225544,23.3828271946216,19.9318919848404,3
"960",-12.570538479593,7,22.8977992382687,23.1297188284292,30.5077978091571,9
"961",-9.27494280862496,8,17.8305498808009,17.5685786229031,26.8666925609018,9
"962",-13.9751689849235,6,22.1717575711706,22.4960606600251,27.268763213461,15
"963",10.5383701826387,9,20.8395571876869,20.6942133235828,29.6706834193266,8
"964",2.6384477962139,5,18.2778859123431,18.0109424568025,23.2259342615014,6
"965",6.57066756936686,7,13.8663781990553,13.4353249073699,20.2448621523108,5
"966",-11.9026651007811,3,23.1498345317515,22.4610199618065,26.408492279633,3
"967",0.205839182169322,6,24.3892568016874,24.5166593787533,31.5606535694411,8
"968",-6.10642929905367,5,16.4107393014162,14.7149567646536,21.3314690330297,5
"969",7.89686194672126,4,21.9856074218803,21.7475741114983,23.7815022560572,7
"970",4.82354864070456,3,20.9895612211172,21.5507061976407,21.7121932471236,9
"971",8.5240828583943,4,18.0995537206271,16.7159078321182,19.9732944614823,14
"972",-14.4649095080155,8,17.0217298958004,17.6205407153529,25.1824613901075,4
"973",1.50840921378257,3,20.8459640903428,21.3878296613317,22.7107140080537,8
"974",20.9262398643448,6,23.3357410066617,22.8430339249503,28.3219460001789,12
"975",22.0350344494461,7,19.8268116015703,19.5177344599139,27.3012227860682,9
"976",-19.8559777694644,7,15.1009902269593,12.8926319992578,22.1015197219212,4
"977",9.80875265003152,1,16.5458320510306,17.6891363095075,17.1065002662694,7
"978",3.59724336449272,2,20.4852185205175,19.8601345076397,22.5782729101502,9
"979",-9.0498422224902,2,16.2675468793292,17.7886037878702,17.3235137452124,10
"980",-11.2211690667432,3,19.0674122220166,19.5920851735701,20.9727148195829,12
"981",-3.09045578533144,2,19.8265712543823,19.555858270386,21.9130348397074,13
"982",-3.55435762507415,7,21.692688353233,20.7544692107209,28.9780403113454,22
"983",-10.5483372123991,5,21.4432776080369,21.9010542502476,27.6721257590832,11
"984",7.21343353952624,5,17.9750111426589,18.8392164574923,22.1689072396084,12
"985",-4.06117895719607,7,24.1359942254858,22.5589539502386,30.0040873822826,8
"986",32.8762318661686,7,15.4489337166098,15.6420784215391,21.1497351018632,8
"987",-4.83554792029116,4,18.7682871594946,16.9121620172854,22.1221281801405,12
"988",8.78840583688652,3,28.4070514580031,27.789885248012,31.9071487615068,11
"989",-4.07311414357576,4,14.3731928595745,18.1703781420935,18.3408972334653,10
"990",-10.7299756698121,4,19.1873475890021,19.1684255187722,23.1587924503713,4
"991",0.0133165939230544,4,20.4000658844076,20.9413242553193,24.8725158069475,8
"992",3.7114405081467,5,18.9199702022579,18.8098721554648,25.911546846476,8
"993",-4.01091947579591,7,20.1369425513793,19.4624073911995,25.4782729627121,15
"994",20.6424426811909,2,18.2943335357988,18.1604547267142,18.8471187869882,11
"995",1.14315896120787,7,17.0923277726396,16.929402925196,23.7330083174146,9
"996",-3.59076486345648,3,21.1971402676369,19.9633416017981,24.5764833328734,7
"997",7.73528539374041,7,20.7128365592706,20.7542572792253,28.6127007784131,5
"998",2.10300176249133,5,23.5399676424265,24.8852750018831,28.9266401065982,10
"999",15.9080106681559,5,20.2453333882566,20.5022503067466,27.8607547924155,11
"1000",4.15287333039871,3,19.2889153786481,18.5127199233697,23.0821510595415,15
